ID,Name,Last Name,Money Available,Concerts purchased,Ticket Miner,Usarname,Password
417,Adam,Bass,1120630.578525001,106,false,adambass,Fun!23
296,Adam,Maldonado,2455982.8076750026,99,false,adammaldonado,Fun!23
11,Aladdin,Disney,1299971.5190000017,110,true,aladdindisney,Fun!23
52,Alan,Gamez,1662415.9605500016,111,true,alangamez,Fun!23
249,Alejandra,Morris,1550465.5910750013,100,true,alejandramorris,Fun!23
87,Alex,Vega,1307392.450425,97,false,alexvega,Fun!23
332,Alexander,Cameron,991192.7705499998,92,false,alexandercameron,Fun!23
531,Alexander,Carter,1773506.2397,80,true,alexandercarter,Fun!23
232,Alexander,Kelly,1596110.0829500013,94,false,alexanderkelly,Fun!23
850,Alexander,Wilson,2714808.1621000012,93,true,alexanderwilson,Fun!23
958,Alexandra,Cook,2838882.5077500017,109,true,alexandracook,Fun!23
462,Alexandra,Fox,2269058.0881250007,93,false,alexandrafox,Fun!23
292,Alexandra,Robinson,2771732.665300002,109,false,alexandrarobinson,Fun!23
781,Alexandra,Simpson,2123311.2572500017,109,false,alexandrasimpson,Fun!23
771,Alexis,Black,2288097.8299500006,107,true,alexisblack,Fun!23
251,Alexis,Ford,1907610.7125499987,98,false,alexisford,Fun!23
75,Alexis,Reta,2886516.997949998,98,true,alexisreta,Fun!23
448,Alexis,Shea,1845239.5439000004,87,false,alexisshea,Fun!23
38,Ali,Nouri,1777550.6563750012,89,true,alinouri,Fun!23
384,Alicia,Jenkins,2334136.353375001,86,true,aliciajenkins,Fun!23
815,Alicia,Moran,2534861.4771750015,100,false,aliciamoran,Fun!23
849,Alison,Hicks,2482793.9660000014,93,false,alisonhicks,Fun!23
637,Allen,Arnold,1644027.2287500014,113,false,allenarnold,Fun!23
275,Allison,Chang,1701305.9853250019,96,true,allisonchang,Fun!23
403,Allison,Cross,1245889.2146750009,98,false,allisoncross,Fun!23
731,Allison,Weaver,2261838.7004250023,89,true,allisonweaver,Fun!23
791,Alyssa,Kelly,2864734.422100002,93,false,alyssakelly,Fun!23
674,Alyssa,Poole,1566338.1414000005,88,true,alyssapoole,Fun!23
470,Alyssa,Reese,2700848.7570000035,102,true,alyssareese,Fun!23
592,Alyssa,Smith,1049097.7151500012,105,true,alyssasmith,Fun!23
1037,Amanda,Baker,1141284.2122750003,92,false,amandabaker,Fun!23
913,Amanda,Johnson,2073398.271475001,82,true,amandajohnson,Fun!23
207,Amanda,Miller,1693533.9511000006,104,true,amandamiller,Fun!23
331,Amanda,Shepherd,2310546.4597250023,90,false,amandashepherd,Fun!23
542,Amanda,Vang,1220952.2292750014,108,true,amandavang,Fun!23
359,Amber,Brown,2205182.00935,97,true,amberbrown,Fun!23
943,Amber,Conley,1954061.7108500001,100,false,amberconley,Fun!23
619,Amber,Long,2775994.7445250005,99,true,amberlong,Fun!23
608,Amber,Nguyen,2055009.9698500014,102,true,ambernguyen,Fun!23
488,Amber,Sellers,2866210.8792250035,101,true,ambersellers,Fun!23
308,Amy,Bradley,1797773.2698000004,89,true,amybradley,Fun!23
541,Amy,Chase,1834306.2946499998,94,true,amychase,Fun!23
968,Amy,Fuller,1613525.7895999996,85,false,amyfuller,Fun!23
954,Amy,Hall,2967252.910174998,76,true,amyhall,Fun!23
502,Amy,Mcpherson,2505351.380925,80,true,amymcpherson,Fun!23
895,Amy,Morse,1877910.232525001,83,true,amymorse,Fun!23
847,Amy,Parsons,2798996.9420500007,83,false,amyparsons,Fun!23
476,Amy,Rodriguez,1467228.8119000008,87,true,amyrodriguez,Fun!23
940,Ana,Andrade,2456334.9208000004,111,true,anaandrade,Fun!23
899,Andre,Ramos,1959936.0420750012,92,false,andreramos,Fun!23
966,Andrea,Riley,2190662.4819250028,109,false,andreariley,Fun!23
695,Andrew,Atkins,1033670.1123250001,93,false,andrewatkins,Fun!23
236,Andrew,Campos,2724578.6052250024,101,false,andrewcampos,Fun!23
175,Andrew,Garcia,2574388.440100001,89,false,andrewgarcia,Fun!23
1001,Andrew,Hall,1150265.6879000007,96,false,andrewhall,Fun!23
616,Andrew,Marshall,1975120.5917000012,90,false,andrewmarshall,Fun!23
612,Andrew,Mcclure,2277696.8175250003,93,false,andrewmcclure,Fun!23
817,Andrew,Norris,1610830.2341000012,100,false,andrewnorris,Fun!23
201,Andrew,Parks,1030932.9106750006,110,true,andrewparks,Fun!23
583,Andrew,Torres,1248175.7554000008,90,false,andrewtorres,Fun!23
494,Angel,Barber,2007261.6351500002,92,true,angelbarber,Fun!23
370,Angel,Joseph,2571472.2046999997,107,true,angeljoseph,Fun!23
74,Angel,Ramos,1660394.2705500002,87,false,angelramos,Fun!23
743,Angela,Carney,1600363.8264000001,112,true,angelacarney,Fun!23
1032,Angela,English,1307530.5253249996,104,false,angelaenglish,Fun!23
504,Angela,Lang,2091230.1672999994,100,false,angelalang,Fun!23
473,Angela,Mcintyre,1403436.4133000001,101,true,angelamcintyre,Fun!23
543,Angela,Walker,1949406.429875001,102,false,angelawalker,Fun!23
269,Angelica,Bruce,2227651.1166500016,89,false,angelicabruce,Fun!23
752,Anita,Fletcher,2357837.925275002,88,false,anitafletcher,Fun!23
404,Anita,Stein,1257382.9875000014,109,true,anitastein,Fun!23
687,Ann,Miller,2381646.644075,108,false,annmiller,Fun!23
819,Ann,Rogers,2786617.4955000025,108,false,annrogers,Fun!23
684,Anna,Davis,1392678.9399000003,108,false,annadavis,Fun!23
238,Anna,Gutierrez,2835204.221750001,94,true,annagutierrez,Fun!23
712,Anthony,Adams,2659770.4217499997,94,true,anthonyadams,Fun!23
594,Anthony,Barber,2334673.5671250005,83,true,anthonybarber,Fun!23
593,Anthony,Brooks,2621376.95135,90,true,anthonybrooks,Fun!23
978,Anthony,Byrd,1728932.053325002,103,true,anthonybyrd,Fun!23
624,Anthony,Carson,1853564.271575001,100,false,anthonycarson,Fun!23
460,Anthony,Dalton,984726.4076500002,94,true,anthonydalton,Fun!23
389,Anthony,Hardin,2115920.397425002,104,false,anthonyhardin,Fun!23
420,Anthony,Hunter,1306376.0721000019,102,false,anthonyhunter,Fun!23
906,Anthony,Kramer,1142467.9188500012,92,true,anthonykramer,Fun!23
659,Anthony,Moore,1304252.997875002,87,true,anthonymoore,Fun!23
167,Anthony,Sanchez,2622901.2226749994,95,true,anthonysanchez,Fun!23
395,Anthony,Sims,2050299.8432500013,102,false,anthonysims,Fun!23
360,Antonio,Brooks,1560855.5503750015,102,false,antoniobrooks,Fun!23
604,Antonio,Edwards,2162433.0048249993,88,true,antonioedwards,Fun!23
914,April,Lopez,2260689.4826749996,100,false,aprillopez,Fun!23
439,April,Turner,2673083.865574998,119,true,aprilturner,Fun!23
225,Ariana,Lara,2838838.743025002,83,false,arianalara,Fun!23
9,Ariel,Disney,2599510.820525001,111,true,arieldisney,Fun!23
47,Armando,Cabrera,2401593.3581,93,false,armandocabrera,Fun!23
147,Ashley,Evans,1058575.2296750005,94,false,ashleyevans,Fun!23
946,Ashley,Frye,1465607.0981000026,110,true,ashleyfrye,Fun!23
55,Ashley,Gilmore,1196137.951425001,95,false,ashleygilmore,Fun!23
242,Ashley,Jones,1223999.5939000002,97,false,ashleyjones,Fun!23
960,Ashley,Morales,2294469.6462500016,82,false,ashleymorales,Fun!23
139,Ashley,Romero,986209.6448249999,106,false,ashleyromero,Fun!23
672,Ashley,Walker,2430128.720625003,82,false,ashleywalker,Fun!23
402,Ashley,Wilcox,2666602.1619250006,105,true,ashleywilcox,Fun!23
14,Aurora,Disney,2770307.5653500003,100,true,auroradisney,Fun!23
105,Austin,Griffin,1338846.549825,77,false,austingriffin,Fun!23
1013,Austin,Lewis,2114687.645700003,114,false,austinlewis,Fun!23
469,Barbara,Jones,2188079.907025004,83,false,barbarajones,Fun!23
566,Barbara,Lane,1196578.768375,99,true,barbaralane,Fun!23
896,Barbara,Love,1737194.112325001,97,false,barbaralove,Fun!23
252,Barbara,Robertson,1322756.9374500008,89,false,barbararobertson,Fun!23
20,Beast,Disney,2180099.941700001,95,true,beastdisney,Fun!23
431,Becky,Gray,1570821.95075,100,true,beckygray,Fun!23
957,Becky,Simpson,2795417.294724998,88,true,beckysimpson,Fun!23
21,Belle,Disney,2631969.094975,98,true,belledisney,Fun!23
346,Benjamin,Johnson,2686597.2299999995,97,true,benjaminjohnson,Fun!23
397,Benjamin,Ramirez,1636918.4390499997,89,true,benjaminramirez,Fun!23
1009,Beth,Moss,1729574.7478500013,109,false,bethmoss,Fun!23
634,Beth,Sharp,2581528.5670000007,102,false,bethsharp,Fun!23
120,Beverly,Johnson,2518946.0085999994,125,false,beverlyjohnson,Fun!23
515,Bobby,Bennett,2195280.7679249994,85,true,bobbybennett,Fun!23
558,Bobby,Gonzales,1904001.6866500005,90,true,bobbygonzales,Fun!23
91,Brad,Patel,2762683.6195250014,99,false,bradpatel,Fun!23
575,Bradley,Bell,2670871.6529250015,83,false,bradleybell,Fun!23
302,Bradley,Rodriguez,1124745.7525250015,93,true,bradleyrodriguez,Fun!23
813,Brandi,Daniel,1110610.5880500004,89,true,brandidaniel,Fun!23
482,Brandi,Gordon,2617700.259225,97,true,brandigordon,Fun!23
572,Brandon,Dillon,2593857.8220000034,100,false,brandondillon,Fun!23
658,Brandon,Flores,2605128.6721499995,96,true,brandonflores,Fun!23
861,Brandon,Miller,2778280.9493500018,94,false,brandonmiller,Fun!23
424,Brandon,Neal,1217813.975000001,95,false,brandonneal,Fun!23
444,Brandon,Smith,1032078.7342250008,103,true,brandonsmith,Fun!23
545,Brandy,Valenzuela,2242111.4184,83,false,brandyvalenzuela,Fun!23
768,Brandy,Wilkerson,1670471.0220999992,97,false,brandywilkerson,Fun!23
316,Brenda,Douglas,2014803.5708000013,109,false,brendadouglas,Fun!23
910,Brendan,Phillips,2687396.270500001,100,false,brendanphillips,Fun!23
879,Brett,Higgins,1597996.7976750021,106,true,bretthiggins,Fun!23
945,Brett,Mathis,1288149.2396750005,91,true,brettmathis,Fun!23
880,Brett,Wallace,2628142.5653999993,96,true,brettwallace,Fun!23
124,Brian,Andrews,2628134.621700002,98,true,brianandrews,Fun!23
262,Brian,Castillo,1246236.8562750008,99,true,briancastillo,Fun!23
602,Brian,Gates,1373646.7869250015,98,true,briangates,Fun!23
343,Brian,Hayes,2514858.209925,81,true,brianhayes,Fun!23
319,Brian,Jacobson,1323842.6837749998,103,true,brianjacobson,Fun!23
210,Brian,Jensen,1436344.712750001,96,false,brianjensen,Fun!23
472,Brian,Lopez,2490428.4893749994,89,true,brianlopez,Fun!23
757,Brian,Rojas,2043727.0991749999,94,true,brianrojas,Fun!23
214,Bridget,Wagner,2018656.0331499989,105,false,bridgetwagner,Fun!23
94,Brittany,Andrews,1762414.603925001,94,true,brittanyandrews,Fun!23
119,Brittany,Hawkins,2586565.7063000007,95,false,brittanyhawkins,Fun!23
497,Brittany,Nielsen,1649797.2999999998,82,false,brittanynielsen,Fun!23
228,Brittany,Ray,2862197.243325001,113,true,brittanyray,Fun!23
667,Brittany,Richard,1627067.2601750016,83,true,brittanyrichard,Fun!23
555,Brittany,Weaver,2760252.792300002,81,false,brittanyweaver,Fun!23
748,Brittney,Daniel,2397968.541025,89,true,brittneydaniel,Fun!23
1034,Brooke,Maxwell,2662300.3024749993,114,true,brookemaxwell,Fun!23
255,Brooke,Padilla,2795760.5454000006,95,false,brookepadilla,Fun!23
499,Bruce,Clark,2768266.6952749994,100,true,bruceclark,Fun!23
77,Bruno,Roque,2897257.6444249996,91,false,brunoroque,Fun!23
775,Bryan,Fields,2791508.9414500007,90,false,bryanfields,Fun!23
326,Bryan,Hardy,1769649.5705500003,91,false,bryanhardy,Fun!23
1021,Bryan,Massey,2349299.951425001,83,true,bryanmassey,Fun!23
870,Bryan,Wise,1765340.624,75,false,bryanwise,Fun!23
17,Buzz,Lightyear,1820940.5658750015,104,true,buzzlightyear,Fun!23
27,Captaiin,Hook,1908419.5831250004,102,true,captaiinhook,Fun!23
689,Carl,Foley,1224019.4167500008,93,false,carlfoley,Fun!23
907,Carlos,Irwin,2619423.68875,98,false,carlosirwin,Fun!23
1012,Carlos,Lynch,998133.940849999,108,false,carloslynch,Fun!23
68,Carlos,Ortega,1175769.1277000003,103,true,carlosortega,Fun!23
720,Carmen,Hays,2221394.574525002,101,false,carmenhays,Fun!23
987,Carmen,Petersen,1803655.9954750002,94,false,carmenpetersen,Fun!23
938,Carol,Elliott,2543541.3161000013,98,true,carolelliott,Fun!23
345,Caroline,Torres,2071722.3762500018,96,true,carolinetorres,Fun!23
875,Carolyn,Dunn,1714881.5037000012,95,false,carolyndunn,Fun!23
368,Carrie,Bennett,2715312.257150001,94,false,carriebennett,Fun!23
811,Casey,Navarro,1638281.1219500003,81,true,caseynavarro,Fun!23
580,Cassandra,Cook,1702154.9030750012,107,false,cassandracook,Fun!23
760,Catherine,Mann,1810207.8610750015,83,false,catherinemann,Fun!23
218,Cesar,Jones,2070257.4382000004,89,true,cesarjones,Fun!23
573,Chad,Clark,2165908.4981,105,true,chadclark,Fun!23
821,Chad,Green,2514494.339575,84,false,chadgreen,Fun!23
1010,Charles,Chambers,990079.2485249998,84,false,charleschambers,Fun!23
216,Chase,Miller,2325229.1096,96,true,chasemiller,Fun!23
108,Chelsea,Gallagher,1993548.01245,113,true,chelseagallagher,Fun!23
336,Chelsea,Porter,1821873.4626500001,97,true,chelseaporter,Fun!23
324,Cheryl,Wilson,2648410.552100001,99,false,cherylwilson,Fun!23
6,Chip,Disney,2149524.3006500024,106,false,chipdisney,Fun!23
259,Chris,Holden,2142057.956000001,101,false,chrisholden,Fun!23
570,Chris,Jones,1249715.466025001,114,false,chrisjones,Fun!23
285,Chris,King,1101836.815050001,87,true,chrisking,Fun!23
866,Christian,Ellis,1919790.6707000004,95,true,christianellis,Fun!23
56,Christian,Gomez,2275932.20875,111,true,christiangomez,Fun!23
223,Christian,Smith,2789522.6996750003,76,false,christiansmith,Fun!23
902,Christina,Carter,1144275.5337250014,91,true,christinacarter,Fun!23
694,Christina,Dodson,1198794.981825002,87,true,christinadodson,Fun!23
591,Christina,Jones,2266835.266950002,117,false,christinajones,Fun!23
882,Christina,Villanueva,1925124.845125002,88,false,christinavillanueva,Fun!23
169,Christina,Walker,1782531.6381000013,99,true,christinawalker,Fun!23
347,Christina,Wheeler,2927152.363925001,86,false,christinawheeler,Fun!23
690,Christine,Ellis,1159014.4738000017,104,true,christineellis,Fun!23
962,Christopher,Berry,2127070.4745500013,102,false,christopherberry,Fun!23
137,Christopher,Coleman,1285659.072175001,95,true,christophercoleman,Fun!23
98,Christopher,Contreras,2168801.4567250004,88,false,christophercontreras,Fun!23
576,Christopher,Craig,2399646.228900003,84,false,christophercraig,Fun!23
703,Christopher,Davis,1920023.5483250006,91,false,christopherdavis,Fun!23
363,Christopher,Dominguez,2626720.9354,89,true,christopherdominguez,Fun!23
639,Christopher,Fields,1113889.7623750009,99,true,christopherfields,Fun!23
367,Christopher,Foster,2811710.940325001,111,true,christopherfoster,Fun!23
563,Christopher,Johnson,2708180.5009999974,84,true,christopherjohnson,Fun!23
357,Christopher,Jones,2727746.190849998,101,false,christopherjones,Fun!23
863,Christopher,Lucero,1096482.4480249998,100,false,christopherlucero,Fun!23
526,Christopher,Melendez,2847759.8298499985,86,true,christophermelendez,Fun!23
116,Christopher,Norris,1949049.2217499998,86,true,christophernorris,Fun!23
912,Christopher,Ortega,2865637.65895,106,true,christopherortega,Fun!23
632,Christopher,Osborne,1140428.4288750007,118,true,christopherosborne,Fun!23
466,Christopher,Raymond,2069576.5663999992,111,true,christopherraymond,Fun!23
662,Christopher,Robinson,2014555.4041750005,93,false,christopherrobinson,Fun!23
518,Christopher,Sanford,1706164.5316500007,94,false,christophersanford,Fun!23
734,Christopher,Underwood,2455648.4380749995,111,true,christopherunderwood,Fun!23
247,Christopher,Wright,1744299.1746750006,93,false,christopherwright,Fun!23
8,Cinderella,Disney,2112635.7670750017,113,false,cinderelladisney,Fun!23
719,Cody,Robles,2792157.361899999,88,false,codyrobles,Fun!23
185,Cody,Scott,1208786.010050001,97,true,codyscott,Fun!23
792,Colleen,Hall,2502530.10355,103,false,colleenhall,Fun!23
629,Colleen,Sanchez,2739688.1967499987,97,true,colleensanchez,Fun!23
512,Colleen,Torres,1577898.84975,91,true,colleentorres,Fun!23
565,Corey,Wilson,2928143.3500500014,104,false,coreywilson,Fun!23
1036,Cory,Byrd,1297510.948575001,113,true,corybyrd,Fun!23
338,Courtney,Johnson,2959363.2534500007,98,false,courtneyjohnson,Fun!23
1008,Courtney,Olsen,1014164.2308000003,75,false,courtneyolsen,Fun!23
546,Courtney,Tran,2444592.1194000025,94,true,courtneytran,Fun!23
777,Craig,Brown,1590996.8694250004,87,true,craigbrown,Fun!23
165,Craig,Espinoza,1154156.470200002,100,true,craigespinoza,Fun!23
831,Craig,Fleming,2075522.4802500005,80,false,craigfleming,Fun!23
387,Craig,Oconnell,2225850.2367750024,115,true,craigoconnell,Fun!23
267,Craig,Schaefer,2191915.240149999,93,true,craigschaefer,Fun!23
22,Cruella,DeVil,2062141.0400000005,111,false,cruelladevil,Fun!23
826,Crystal,Hayes,1269846.416575001,98,false,crystalhayes,Fun!23
109,Crystal,Hudson,1943962.623775001,96,false,crystalhudson,Fun!23
329,Crystal,Johnson,1033147.7946250004,85,true,crystaljohnson,Fun!23
464,Crystal,Rice,1990121.915575001,102,false,crystalrice,Fun!23
117,Crystal,Walker,1056144.1725500005,93,false,crystalwalker,Fun!23
636,Crystal,Young,1967559.6795250012,102,true,crystalyoung,Fun!23
876,Curtis,Phillips,2360912.1787500028,96,false,curtisphillips,Fun!23
836,Cynthia,Ellis,2202999.213000001,103,false,cynthiaellis,Fun!23
685,Cynthia,Giles,1888632.6165250007,101,false,cynthiagiles,Fun!23
587,Cynthia,Powell,2734752.959275001,107,false,cynthiapowell,Fun!23
361,Dakota,Bender,2820131.842199997,98,true,dakotabender,Fun!23
553,Dakota,Harper,1811066.1238749996,87,false,dakotaharper,Fun!23
7,Dale,Disney,1014427.4733750001,108,false,daledisney,Fun!23
925,Dalton,Bryant,2450184.0458249985,92,true,daltonbryant,Fun!23
581,Dana,Jones,2485573.072325002,96,false,danajones,Fun!23
841,Dana,Miller,2095367.991625,84,true,danamiller,Fun!23
922,Dana,Park,1697643.2627750013,99,false,danapark,Fun!23
93,Dana,Williams,2589974.2776000015,103,false,danawilliams,Fun!23
371,Daniel,Foster,1737846.5990500008,83,true,danielfoster,Fun!23
133,Daniel,Hampton,2211514.490175002,90,false,danielhampton,Fun!23
59,Daniel,Holguin,1967300.4142250016,103,false,danielholguin,Fun!23
37,Daniel,Mejia,1224315.846250001,101,true,danielmejia,Fun!23
97,Daniel,Olson,2840538.7828000016,93,false,danielolson,Fun!23
283,Daniel,Romero,2653967.2297999985,105,true,danielromero,Fun!23
716,Daniel,Smith,2100263.99815,98,true,danielsmith,Fun!23
948,Daniel,Summers,2034276.4118750023,114,false,danielsummers,Fun!23
898,Danielle,Chavez,2738750.486925001,107,false,daniellechavez,Fun!23
992,Danielle,Conrad,2324764.5198749993,106,true,danielleconrad,Fun!23
505,Danielle,Dorsey,1533584.1229750006,92,false,danielledorsey,Fun!23
574,Danielle,Gardner,1375583.8316000008,119,true,daniellegardner,Fun!23
598,Darin,Baker,1828673.9642250012,111,false,darinbaker,Fun!23
250,Darin,Porter,2827784.884175002,94,true,darinporter,Fun!23
536,Darlene,Russell,2039796.5767500002,98,true,darlenerussell,Fun!23
495,Darlene,Shaw,1466979.0900250012,111,false,darleneshaw,Fun!23
952,Darrell,Jones,1305287.1827,85,true,darrelljones,Fun!23
611,Darren,Gibbs,1046614.9310749995,80,false,darrengibbs,Fun!23
99,David,Brown,1253601.969050001,90,true,davidbrown,Fun!23
897,David,Clark,2887619.70155,97,true,davidclark,Fun!23
578,David,Costa,2569594.3134,86,true,davidcosta,Fun!23
649,David,Cox,2604883.8524250034,118,false,davidcox,Fun!23
443,David,Davila,1897105.7212500006,110,false,daviddavila,Fun!23
145,David,Gardner,2029175.016500001,90,false,davidgardner,Fun!23
246,David,Gross,2885456.959275001,99,true,davidgross,Fun!23
600,David,Harvey,2250079.0295750005,110,false,davidharvey,Fun!23
931,David,Hayes,2527134.501175001,92,false,davidhayes,Fun!23
1002,David,Johnson,2080247.005175001,100,false,davidjohnson,Fun!23
305,David,Mills,1786741.981349999,94,false,davidmills,Fun!23
407,David,Soto,2296304.2669250015,91,false,davidsoto,Fun!23
756,David,Summers,2759550.3988749995,102,true,davidsummers,Fun!23
265,David,Thomas,2812901.9231000016,104,false,davidthomas,Fun!23
253,David,Wright,2834766.6971000005,108,true,davidwright,Fun!23
282,Dawn,King,1116047.554875,93,false,dawnking,Fun!23
375,Dean,Smith,1441144.3972250018,88,false,deansmith,Fun!23
911,Deanna,Cummings,1292379.1397000013,102,false,deannacummings,Fun!23
349,Deborah,Hunt,1201528.2271500009,105,false,deborahhunt,Fun!23
455,Deborah,Scott,2390541.3840749995,101,false,deborahscott,Fun!23
503,Debra,Blackwell,2187272.915474999,100,true,debrablackwell,Fun!23
795,Debra,Raymond,1081834.1177500004,90,false,debraraymond,Fun!23
936,Denise,Johnson,2494915.2020000005,96,false,denisejohnson,Fun!23
309,Denise,Morales,1157157.1259000008,99,false,denisemorales,Fun!23
341,Denise,Williams,1279648.7384500012,100,false,denisewilliams,Fun!23
933,Dennis,Cooper,1224574.5203250016,95,true,denniscooper,Fun!23
532,Dennis,Reynolds,1910444.529400001,96,false,dennisreynolds,Fun!23
744,Dennis,Smith,1656043.8693750012,110,false,dennissmith,Fun!23
481,Derek,Irwin,1432206.3996500012,118,false,derekirwin,Fun!23
630,Derek,Lopez,1308390.7445750015,96,false,dereklopez,Fun!23
661,Derek,Macias,1061599.2016750001,95,false,derekmacias,Fun!23
150,Derrick,Grant,1577717.8247999996,106,false,derrickgrant,Fun!23
66,Derrick,Mapula,2916513.7768499996,96,true,derrickmapula,Fun!23
233,Destiny,Ferguson,1706352.5024000013,103,false,destinyferguson,Fun!23
391,Devin,Diaz,1681800.509600001,91,true,devindiaz,Fun!23
53,Diana,Garcia,1955547.161225,93,true,dianagarcia,Fun!23
562,Diana,Matthews,1180464.5577500006,110,false,dianamatthews,Fun!23
994,Diana,Rivera,1019164.4248749997,107,true,dianarivera,Fun!23
86,Diana,VallesMartinez,2532272.490075,104,true,dianavallesmartinez,Fun!23
64,Dimitri,Lyon,1466651.5662749996,98,false,dimitrilyon,Fun!23
2,Donald,Duck,2069001.0747749999,111,true,donaldduck,Fun!23
351,Donald,Haynes,2230327.5570499995,92,true,donaldhaynes,Fun!23
975,Donald,Ramirez,2234033.797549998,97,true,donaldramirez,Fun!23
638,Donald,Tran,2333670.214150004,93,false,donaldtran,Fun!23
919,Donald,Villanueva,1051145.6310500018,89,true,donaldvillanueva,Fun!23
206,Donna,Allen,1554354.7944500009,95,true,donnaallen,Fun!23
392,Donna,Travis,1486928.0417000009,101,false,donnatravis,Fun!23
474,Doris,Mercado,2629124.458125,95,true,dorismercado,Fun!23
421,Doris,Moore,1171549.4670750017,115,true,dorismoore,Fun!23
244,Dorothy,Cox,1123548.252750001,96,true,dorothycox,Fun!23
733,Douglas,Bryant,2620271.01995,106,false,douglasbryant,Fun!23
709,Douglas,Hernandez,1815353.1143750013,101,false,douglashernandez,Fun!23
971,Douglas,Mckay,2416211.010150001,85,true,douglasmckay,Fun!23
115,Douglas,Rodriguez,2734560.783700001,77,false,douglasrodriguez,Fun!23
287,Dustin,Oliver,1856843.238125001,107,false,dustinoliver,Fun!23
155,Dylan,Harris,1272212.7106250005,88,true,dylanharris,Fun!23
567,Dylan,Lopez,2908668.523750002,100,true,dylanlopez,Fun!23
54,Edgar,Garnica,2791743.0102,75,true,edgargarnica,Fun!23
51,Eduardo,Figueroa,1464596.4408250002,104,true,eduardofigueroa,Fun!23
142,Edward,Hernandez,2374607.3702500015,99,true,edwardhernandez,Fun!23
509,Edward,Jackson,2293570.149,91,true,edwardjackson,Fun!23
365,Edward,Johnson,2362930.0970750004,100,true,edwardjohnson,Fun!23
610,Edward,Molina,1880867.2067250002,108,true,edwardmolina,Fun!23
83,Edwin,TomyGeorge,2562370.5563750006,84,true,edwintomygeorge,Fun!23
72,Efren,Quijas,1267736.146800001,76,false,efrenquijas,Fun!23
383,Elizabeth,Alvarez,1808163.8416000002,96,false,elizabethalvarez,Fun!23
805,Elizabeth,Castillo,2459870.4454999994,88,false,elizabethcastillo,Fun!23
356,Elizabeth,Cordova,2586386.0469750003,88,true,elizabethcordova,Fun!23
422,Elizabeth,Cruz,2003498.5352000005,105,true,elizabethcruz,Fun!23
773,Elizabeth,Dominguez,1088982.4138000007,86,false,elizabethdominguez,Fun!23
1005,Elizabeth,Jackson,1977981.1791750006,96,false,elizabethjackson,Fun!23
306,Elizabeth,Kim,2958105.060075001,100,true,elizabethkim,Fun!23
997,Elizabeth,Medina,1976924.0179000013,120,false,elizabethmedina,Fun!23
650,Elizabeth,Reyes,2124879.5592,85,true,elizabethreyes,Fun!23
939,Elizabeth,Rodriguez,1457833.941925001,89,true,elizabethrodriguez,Fun!23
753,Elizabeth,Torres,1799435.2628750019,103,false,elizabethtorres,Fun!23
438,Emily,Brady,2466694.818775,103,true,emilybrady,Fun!23
900,Emily,Chang,2410189.1324000005,101,false,emilychang,Fun!23
884,Emily,Cole,979794.5405249997,94,false,emilycole,Fun!23
809,Emily,Estes,2212369.202724999,83,true,emilyestes,Fun!23
990,Emily,Jackson,2845360.0050000013,91,false,emilyjackson,Fun!23
183,Emily,Richardson,2613826.177625003,107,false,emilyrichardson,Fun!23
337,Emma,Armstrong,1630168.281825001,89,false,emmaarmstrong,Fun!23
430,Emma,Padilla,2039487.9253000002,98,false,emmapadilla,Fun!23
471,Eric,Ramos,1885332.823775002,107,false,ericramos,Fun!23
82,Eric,Smith,1840871.3464250027,84,false,ericsmith,Fun!23
189,Eric,Vazquez,2721189.014099999,103,false,ericvazquez,Fun!23
924,Erica,Burch,1410210.0322250011,92,true,ericaburch,Fun!23
101,Erica,Harrison,1446232.4244749998,91,false,ericaharrison,Fun!23
243,Erik,Case,2430927.999150001,97,false,erikcase,Fun!23
622,Erika,Lopez,1798430.388100001,112,false,erikalopez,Fun!23
1026,Erin,Barton,2843792.3488500016,103,false,erinbarton,Fun!23
793,Erin,Jones,2143462.1882499964,97,true,erinjones,Fun!23
796,Erin,Mejia,2655589.600325003,94,false,erinmejia,Fun!23
825,Ernest,Bentley,2294258.3012500023,95,false,ernestbentley,Fun!23
202,Ethan,Holmes,2009197.1810500014,103,true,ethanholmes,Fun!23
29,Evil,Queen,1226340.4013250011,97,false,evilqueen,Fun!23
820,Felicia,Carlson,2671847.691299999,103,true,feliciacarlson,Fun!23
49,Fernando,DeSantiago,2974898.220400001,80,false,fernandodesantiago,Fun!23
320,Francisco,Moore,1225800.1076250009,83,true,franciscomoore,Fun!23
496,Gabriel,Hansen,1008640.4460750005,111,true,gabrielhansen,Fun!23
665,Gabriel,Sanders,2722598.1692749998,100,true,gabrielsanders,Fun!23
140,Gail,Parker,1397496.1997250014,100,true,gailparker,Fun!23
61,Garrett,Jones,1179414.7964500014,96,false,garrettjones,Fun!23
920,Gary,Mckenzie,2935171.3247250007,91,true,garymckenzie,Fun!23
463,Gary,Miller,1828447.1830000011,83,false,garymiller,Fun!23
835,Gary,Park,2352016.404200002,96,true,garypark,Fun!23
705,Gary,Smith,2918652.6547250007,105,true,garysmith,Fun!23
25,Gaston,Disney,2780170.771300002,100,false,gastondisney,Fun!23
800,George,Ayala,2382401.091725,80,true,georgeayala,Fun!23
855,George,Gilbert,1060773.6310500004,99,true,georgegilbert,Fun!23
802,George,Proctor,2923569.673074999,109,true,georgeproctor,Fun!23
465,George,Wood,1300943.731525001,89,true,georgewood,Fun!23
449,Gerald,Baker,1592263.256225001,98,false,geraldbaker,Fun!23
560,Gerald,Beltran,1108458.700525001,97,false,geraldbeltran,Fun!23
654,Gina,Swanson,2614730.775475001,89,true,ginaswanson,Fun!23
303,Gloria,Page,2819881.8439499997,87,true,gloriapage,Fun!23
4,Goofy,Disney,977028.3764249999,98,false,goofydisney,Fun!23
530,Grace,Kelley,2075082.6065500006,94,false,gracekelley,Fun!23
63,Gregorio,Loi,1025394.5345000009,90,false,gregorioloi,Fun!23
442,Gregory,Carr,2531918.282400001,106,true,gregorycarr,Fun!23
311,Gregory,Maxwell,2542128.274325001,97,true,gregorymaxwell,Fun!23
921,Gregory,Short,2112943.792725001,93,false,gregoryshort,Fun!23
280,Gregory,Sullivan,2262037.963999998,103,true,gregorysullivan,Fun!23
163,Haley,Moss,2700441.2118749996,108,true,haleymoss,Fun!23
132,Hannah,Arias,2687202.0297250017,87,false,hannaharias,Fun!23
506,Hannah,Maldonado,1909257.5628750017,89,true,hannahmaldonado,Fun!23
779,Hayden,Mcdaniel,1105454.3116750005,110,false,haydenmcdaniel,Fun!23
625,Heather,Cunningham,2427467.392025001,83,true,heathercunningham,Fun!23
585,Heather,Little,1315352.777425,90,true,heatherlittle,Fun!23
596,Heather,Robbins,1343087.3161500006,118,true,heatherrobbins,Fun!23
789,Hector,Whitney,1805089.9069750009,105,false,hectorwhitney,Fun!23
354,Heidi,Barker,1103635.5711250005,92,false,heidibarker,Fun!23
557,Heidi,Page,1766249.0335500003,91,false,heidipage,Fun!23
740,Henry,Salazar,2877858.2460750015,89,false,henrysalazar,Fun!23
33,Hercules,Disney,1281337.4982750001,107,false,herculesdisney,Fun!23
729,Holly,Cruz,2551031.8139750003,82,true,hollycruz,Fun!23
799,Holly,Davidson,2796333.511475001,103,false,hollydavidson,Fun!23
647,Holly,Schneider,2451399.031400002,106,false,hollyschneider,Fun!23
751,Howard,Davenport,2008090.8027250012,92,false,howarddavenport,Fun!23
415,Hunter,Moore,2778787.3291250025,105,false,huntermoore,Fun!23
891,Jack,Morgan,2863232.2049499988,109,true,jackmorgan,Fun!23
40,Jacob,Alvarez,2123950.317175001,91,true,jacobalvarez,Fun!23
628,Jacob,Contreras,2765657.460125001,109,true,jacobcontreras,Fun!23
844,Jacob,Norton,1726248.7512500007,93,true,jacobnorton,Fun!23
385,Jacob,Williams,1803767.073375001,100,false,jacobwilliams,Fun!23
284,Jacqueline,Dunn,1593898.9519250013,72,false,jacquelinedunn,Fun!23
318,Jade,Crawford,1585974.430900001,84,true,jadecrawford,Fun!23
18,Jafar,Aladdin,1976446.3085000007,118,true,jafaraladdin,Fun!23
559,Jake,Mitchell,1400360.452725001,103,true,jakemitchell,Fun!23
652,James,Anderson,1564382.8195000014,93,false,jamesanderson,Fun!23
595,James,Brennan,1488250.6231500006,104,false,jamesbrennan,Fun!23
190,James,Hammond,2295955.863824999,106,true,jameshammond,Fun!23
241,James,Henderson,2288220.511825003,112,false,jameshenderson,Fun!23
122,James,King,1983381.801525001,94,true,jamesking,Fun!23
1017,James,Mitchell,1733604.2795000006,94,false,jamesmitchell,Fun!23
586,James,Morgan,2091816.0396749987,106,true,jamesmorgan,Fun!23
199,James,Nolan,1991594.743775001,97,true,jamesnolan,Fun!23
176,James,Pittman,2686836.7997500035,96,false,jamespittman,Fun!23
263,James,Romero,2443621.1559249987,101,true,jamesromero,Fun!23
964,James,Simmons,2968059.9165249993,92,false,jamessimmons,Fun!23
824,James,Simpson,1475068.6509500013,102,false,jamessimpson,Fun!23
915,James,Watson,2002075.756625001,109,true,jameswatson,Fun!23
996,Jamie,Brown,1303335.8510250004,106,true,jamiebrown,Fun!23
517,Jamie,Conner,1005655.2937250008,110,true,jamieconner,Fun!23
577,Jamie,Hernandez,1095092.923200001,114,false,jamiehernandez,Fun!23
617,Janet,Hughes,1756758.0272000001,110,true,janethughes,Fun!23
620,Jared,Perry,1820041.2579500012,102,true,jaredperry,Fun!23
745,Jared,Scott,1472921.4930250014,121,false,jaredscott,Fun!23
10,Jasmine,Disney,1257845.8470000008,93,true,jasminedisney,Fun!23
304,Jasmine,Ramirez,1053954.7441000012,79,true,jasmineramirez,Fun!23
159,Jason,Burke,1176236.0627250008,96,false,jasonburke,Fun!23
676,Jason,Clark,1191769.9715000002,97,false,jasonclark,Fun!23
677,Jason,Lee,2744247.060550003,86,false,jasonlee,Fun!23
459,Jason,Skinner,2726213.6711250003,90,true,jasonskinner,Fun!23
327,Jason,Wolfe,1837270.5674750006,105,false,jasonwolfe,Fun!23
589,Jeff,Ray,2679464.6171750026,107,false,jeffray,Fun!23
696,Jeffrey,Best,1492445.099950001,105,true,jeffreybest,Fun!23
209,Jeffrey,Delgado,2422146.8948250017,92,false,jeffreydelgado,Fun!23
373,Jeffrey,Gonzalez,1267580.956975,78,true,jeffreygonzalez,Fun!23
295,Jeffrey,Luna,984639.6626749993,96,false,jeffreyluna,Fun!23
245,Jeffrey,Marquez,1376751.9826749999,95,true,jeffreymarquez,Fun!23
754,Jeffrey,Rodriguez,2398797.108625002,111,false,jeffreyrodriguez,Fun!23
342,Jeffrey,Sloan,2816539.5357749998,84,true,jeffreysloan,Fun!23
135,Jeffrey,Weiss,2207298.136700001,104,true,jeffreyweiss,Fun!23
533,Jenna,Chase,1642519.500275001,93,true,jennachase,Fun!23
738,Jennifer,Bailey,2647487.526550002,95,false,jenniferbailey,Fun!23
758,Jennifer,Carr,2142710.46015,96,false,jennifercarr,Fun!23
447,Jennifer,Copeland,2533261.327275002,104,true,jennifercopeland,Fun!23
878,Jennifer,Davidson,2097998.2877250006,101,true,jenniferdavidson,Fun!23
767,Jennifer,Evans,2405302.7581,106,true,jenniferevans,Fun!23
725,Jennifer,Guzman,2838890.390600004,106,false,jenniferguzman,Fun!23
953,Jennifer,Hernandez,995588.5907250001,110,false,jenniferhernandez,Fun!23
903,Jennifer,Huang,1619663.8954250012,113,false,jenniferhuang,Fun!23
816,Jennifer,Jones,1778800.0391500015,92,false,jenniferjones,Fun!23
513,Jennifer,Mills,2571805.984150002,107,true,jennifermills,Fun!23
982,Jennifer,Preston,1288570.5331250003,84,false,jenniferpreston,Fun!23
929,Jennifer,Schneider,1043662.9277000002,104,false,jenniferschneider,Fun!23
671,Jennifer,Schultz,1734920.9737750015,82,false,jenniferschultz,Fun!23
599,Jennifer,Smith,1453818.0743000011,82,true,jennifersmith,Fun!23
162,Jennifer,Williams,2080139.3722499998,93,true,jenniferwilliams,Fun!23
312,Jenny,Henry,2116731.393224999,115,true,jennyhenry,Fun!23
374,Jeremiah,Williamson,2370309.041249999,105,true,jeremiahwilliamson,Fun!23
186,Jeremy,Alvarez,1932259.4878250002,87,true,jeremyalvarez,Fun!23
762,Jeremy,Foster,2973396.8710250007,89,true,jeremyfoster,Fun!23
192,Jeremy,Morris,1633352.057025001,97,true,jeremymorris,Fun!23
969,Jeremy,Rocha,2245675.8776250007,108,true,jeremyrocha,Fun!23
714,Jermaine,Dean,1175468.767000001,99,true,jermainedean,Fun!23
134,Jerry,Curtis,1534632.529300001,95,false,jerrycurtis,Fun!23
739,Jerry,Gamble,1102144.0272250024,96,true,jerrygamble,Fun!23
451,Jerry,Hampton,2844724.7282500006,109,true,jerryhampton,Fun!23
198,Jerry,Lee,1289771.9840250001,107,false,jerrylee,Fun!23
974,Jerry,Rodriguez,2579066.5660250024,112,false,jerryrodriguez,Fun!23
615,Jerry,Smith,2916645.5391,98,false,jerrysmith,Fun!23
889,Jesse,Dunn,1695689.3812000013,74,false,jessedunn,Fun!23
237,Jesse,Montgomery,2424712.455150002,122,false,jessemontgomery,Fun!23
490,Jessica,Anderson,1325310.4803750003,95,true,jessicaanderson,Fun!23
399,Jessica,Fernandez,1535265.2528500005,110,true,jessicafernandez,Fun!23
498,Jessica,Frye,1531213.6921500007,80,true,jessicafrye,Fun!23
827,Jessica,Lloyd,1285399.3282750011,108,true,jessicalloyd,Fun!23
254,Jessica,Martin,1501267.97685,86,true,jessicamartin,Fun!23
248,Jessica,Moore,1050689.9469000008,109,true,jessicamoore,Fun!23
537,Jessica,Olsen,2204861.831075,93,true,jessicaolsen,Fun!23
644,Jessica,Ramirez,1558096.8318500007,100,false,jessicaramirez,Fun!23
1028,Jessica,Smith,980739.3001000002,103,true,jessicasmith,Fun!23
45,Jesus,Bruno,1743598.3232500015,90,true,jesusbruno,Fun!23
65,Jesus,Macias,2267513.690875001,92,true,jesusmacias,Fun!23
172,Jill,Henderson,1180400.1481000015,94,false,jillhenderson,Fun!23
429,Jill,Solis,2615085.1284000003,88,true,jillsolis,Fun!23
648,Joanna,Knight,1318919.124525001,73,true,joannaknight,Fun!23
230,Joanna,Trevino,1410190.5496000012,104,true,joannatrevino,Fun!23
865,Jody,Sanchez,2044737.8131250006,97,true,jodysanchez,Fun!23
491,Joe,Cochran,1713729.9213749997,112,true,joecochran,Fun!23
239,Joel,Arellano,2285793.910775001,83,false,joelarellano,Fun!23
561,Joel,Welch,2557430.1697250027,91,false,joelwelch,Fun!23
700,John,Blair,2142655.1717250007,87,false,johnblair,Fun!23
691,John,Blevins,2210865.9419750003,96,false,johnblevins,Fun!23
707,John,Davis,2102919.6663250006,80,false,johndavis,Fun!23
973,John,Hansen,1548487.3005749995,107,false,johnhansen,Fun!23
701,John,Hill,2360040.871874999,105,true,johnhill,Fun!23
874,John,House,2906256.0440250016,117,true,johnhouse,Fun!23
730,John,Jones,2849851.494774996,92,true,johnjones,Fun!23
428,John,Morris,1313106.4038000014,85,false,johnmorris,Fun!23
1015,John,Sanders,1980239.0191500003,98,false,johnsanders,Fun!23
413,John,White,2059699.607475001,91,false,johnwhite,Fun!23
446,Jon,Lopez,2927427.033725,74,false,jonlopez,Fun!23
41,Jonathan,Avalos,1777201.6721750018,106,true,jonathanavalos,Fun!23
44,Jonathan,Ayala,1481842.4254750006,102,true,jonathanayala,Fun!23
315,Jonathan,Christian,1962218.7269000004,100,false,jonathanchristian,Fun!23
806,Jonathan,Martinez,2739221.5639000013,92,true,jonathanmartinez,Fun!23
330,Jordan,Wilson,2262116.947400002,92,false,jordanwilson,Fun!23
721,Jorge,Haley,1436501.403175001,102,true,jorgehaley,Fun!23
888,Jorge,Huerta,1461803.862775001,107,true,jorgehuerta,Fun!23
84,Jorge,Topete,1339924.6517000007,86,false,jorgetopete,Fun!23
489,Jose,Evans,1948338.506850001,86,false,joseevans,Fun!23
688,Jose,Farley,2548659.4317499986,83,true,josefarley,Fun!23
814,Jose,Smith,2210070.3451000005,106,false,josesmith,Fun!23
388,Joseph,Brooks,2505903.2870249986,89,true,josephbrooks,Fun!23
886,Joseph,Davis,2764339.431075003,108,false,josephdavis,Fun!23
823,Joseph,Fritz,2846246.448650002,74,false,josephfritz,Fun!23
1003,Joseph,Hanna,1410722.0641000015,87,false,josephhanna,Fun!23
235,Joseph,Lewis,2207030.817424999,87,true,josephlewis,Fun!23
588,Joseph,Macdonald,2495816.654525002,86,true,josephmacdonald,Fun!23
871,Joseph,Robinson,1178159.4127000005,79,true,josephrobinson,Fun!23
715,Joshua,Banks,1083810.0729000007,99,true,joshuabanks,Fun!23
845,Joshua,Gomez,1509579.1482000009,116,true,joshuagomez,Fun!23
724,Joshua,Hickman,2087148.4890249989,92,true,joshuahickman,Fun!23
381,Joshua,Meadows,2828609.2644249992,105,true,joshuameadows,Fun!23
838,Juan,Brock,2581263.526975001,95,false,juanbrock,Fun!23
670,Julia,Jones,2357606.4236,96,false,juliajones,Fun!23
699,Julia,Young,2127912.8769750036,83,false,juliayoung,Fun!23
483,Julian,Gutierrez,1182507.9834000003,100,false,juliangutierrez,Fun!23
166,Julie,Alexander,2226207.6533749984,72,true,juliealexander,Fun!23
828,Julie,Shaw,1100579.127050001,97,false,julieshaw,Fun!23
500,Justin,Davis,1373007.137150001,100,false,justindavis,Fun!23
894,Justin,Hawkins,1803673.6784500002,97,true,justinhawkins,Fun!23
419,Justin,Martinez,1273166.0354000009,95,true,justinmartinez,Fun!23
164,Justin,Wilson,1687611.6647,86,false,justinwilson,Fun!23
28,Kaa,Disney,1518064.1474000004,104,false,kaadisney,Fun!23
916,Kara,Summers,2399233.995400001,89,true,karasummers,Fun!23
258,Karen,Thomas,1234481.8997500017,87,true,karenthomas,Fun!23
264,Karen,Zhang,1307793.8945500006,88,true,karenzhang,Fun!23
858,Karl,Davis,2522253.6435499974,113,false,karldavis,Fun!23
171,Karla,Johnson,2488370.0603250023,89,true,karlajohnson,Fun!23
102,Katherine,Evans,1201022.316875001,83,true,katherineevans,Fun!23
950,Katherine,Mcdonald,1245782.047550001,103,true,katherinemcdonald,Fun!23
548,Kathleen,Hines,1393765.0805000002,94,false,kathleenhines,Fun!23
321,Kathleen,Small,2609497.155649999,89,false,kathleensmall,Fun!23
219,Kathryn,Perez,1389127.857875001,112,true,kathrynperez,Fun!23
787,Kathy,Smith,1060976.895125002,104,true,kathysmith,Fun!23
408,Kayla,Mahoney,1173884.2582750015,95,true,kaylamahoney,Fun!23
454,Kayla,Morgan,1174607.4838750022,90,true,kaylamorgan,Fun!23
631,Kayla,Smith,2068144.374300003,100,false,kaylasmith,Fun!23
528,Kaylee,Hale,2128708.185774999,95,true,kayleehale,Fun!23
240,Kaylee,Patterson,1121930.7609250012,99,true,kayleepatterson,Fun!23
783,Keith,Christensen,2128664.721475,87,false,keithchristensen,Fun!23
394,Keith,Ellis,2902685.2793500004,85,true,keithellis,Fun!23
187,Keith,Ortiz,1870074.140100001,98,false,keithortiz,Fun!23
479,Kelly,Bell,1451843.033550001,92,false,kellybell,Fun!23
551,Kelly,Harris,1486292.1445749998,109,true,kellyharris,Fun!23
885,Kelly,Herring,1530697.9435000017,123,true,kellyherring,Fun!23
723,Kelly,Jordan,2736733.9861000013,101,false,kellyjordan,Fun!23
909,Kelly,Wilson,2909603.288750001,84,true,kellywilson,Fun!23
222,Kelly,Yu,1596935.9974000016,98,true,kellyyu,Fun!23
1038,Kendra,Sawyer,2633685.912275003,93,false,kendrasawyer,Fun!23
877,Kenneth,Boyd,2178003.9981249995,89,false,kennethboyd,Fun!23
681,Kenneth,Davis,1533765.9554000013,93,true,kennethdavis,Fun!23
868,Kenneth,House,2518947.337300002,115,true,kennethhouse,Fun!23
353,Kenneth,Smith,1650419.7167000007,118,true,kennethsmith,Fun!23
741,Kevin,Boone,2043157.1792000006,97,false,kevinboone,Fun!23
485,Kevin,Gould,1806865.0866500004,105,true,kevingould,Fun!23
857,Kevin,Harrison,2257964.6037500026,105,false,kevinharrison,Fun!23
461,Kevin,Larson,1869941.9705000003,73,true,kevinlarson,Fun!23
333,Kevin,Scott,1684351.542550001,101,false,kevinscott,Fun!23
80,Kevin,Sias,1317166.9952750006,97,false,kevinsias,Fun!23
362,Kevin,Swanson,1004291.7621500001,81,false,kevinswanson,Fun!23
842,Kevin,Tran,1289824.2232000004,83,false,kevintran,Fun!23
195,Kim,Buckley,1525316.915025001,104,true,kimbuckley,Fun!23
522,Kim,Contreras,1970650.6908249988,109,true,kimcontreras,Fun!23
1016,Kim,Craig,2378173.824925,96,false,kimcraig,Fun!23
335,Kimberly,Garcia,1597555.447325001,77,false,kimberlygarcia,Fun!23
1031,Kimberly,Harris,1467365.985425001,86,false,kimberlyharris,Fun!23
550,Kimberly,Johnson,1290035.457050001,102,true,kimberlyjohnson,Fun!23
131,Kimberly,Kline,2262120.065374998,110,true,kimberlykline,Fun!23
655,Kimberly,Martinez,2646041.8795000017,87,true,kimberlymartinez,Fun!23
998,Kimberly,Mejia,1263281.4109750008,91,false,kimberlymejia,Fun!23
932,Kimberly,Miller,2644756.933850001,97,false,kimberlymiller,Fun!23
182,Kimberly,Richardson,2926054.1903250003,115,false,kimberlyrichardson,Fun!23
735,Kimberly,Roberts,1148978.1703500007,104,true,kimberlyroberts,Fun!23
114,Kirsten,Robinson,1141725.2650500014,95,true,kirstenrobinson,Fun!23
967,Krista,Beck,2121770.0077500013,109,false,kristabeck,Fun!23
427,Krista,Blake,2345377.500950001,104,false,kristablake,Fun!23
641,Krista,Lambert,2626049.7843000004,95,false,kristalambert,Fun!23
1023,Kristen,Martinez,2860462.7961000022,106,false,kristenmartinez,Fun!23
433,Kristina,Patrick,1354002.439925001,94,false,kristinapatrick,Fun!23
856,Kristine,Smith,2600219.371750002,90,false,kristinesmith,Fun!23
290,Kristy,Hoover,1929624.0975500012,83,true,kristyhoover,Fun!23
396,Krystal,Thompson,2913488.2671499983,78,true,krystalthompson,Fun!23
128,Kyle,Hodges,2032844.2570999993,86,false,kylehodges,Fun!23
334,Kyle,Taylor,1504002.4540000015,101,true,kyletaylor,Fun!23
937,Kylie,King,1235100.5990250017,84,false,kylieking,Fun!23
544,Kylie,Summers,1966068.6358750002,106,false,kyliesummers,Fun!23
301,Lance,Dominguez,1651776.1613250012,95,true,lancedominguez,Fun!23
307,Laura,Smith,1482884.3739500009,96,false,laurasmith,Fun!23
1007,Laura,Williams,1655062.9923250016,83,true,laurawilliams,Fun!23
890,Lauren,Coleman,1647338.333225001,97,false,laurencoleman,Fun!23
281,Lauren,Hall,1442586.9335250002,96,true,laurenhall,Fun!23
161,Lauren,Neal,1705868.2418500006,105,true,laurenneal,Fun!23
854,Laurie,Johnson,2538307.583900003,119,true,lauriejohnson,Fun!23
769,Laurie,Mendoza,965316.0119500005,95,true,lauriemendoza,Fun!23
664,Lawrence,Henry,1714501.5941250012,71,true,lawrencehenry,Fun!23
605,Lawrence,Price,1185284.5595500001,97,false,lawrenceprice,Fun!23
212,Lee,Burke,2589735.3045000015,100,false,leeburke,Fun!23
85,Leo,Tovar,1744281.4598000015,108,false,leotovar,Fun!23
704,Leonard,King,1661975.80725,101,true,leonardking,Fun!23
88,Leonardo,ZapataContreras,2249924.0038499995,90,true,leonardozapatacontreras,Fun!23
261,Leroy,Walters,2523322.0403750017,99,true,leroywalters,Fun!23
35,Lilo,Disney,1896975.7916250008,83,false,lilodisney,Fun!23
458,Linda,Alexander,2122809.6357250023,98,true,lindaalexander,Fun!23
170,Linda,Bennett,2966853.298525002,86,true,lindabennett,Fun!23
843,Linda,Miller,2738569.5989499995,89,false,lindamiller,Fun!23
607,Linda,Robles,1683347.0649750007,97,true,lindarobles,Fun!23
680,Linda,Rodriguez,1686052.9269000012,108,true,lindarodriguez,Fun!23
322,Lindsay,Webster,2606998.4727999996,92,false,lindsaywebster,Fun!23
352,Lisa,Brown,1534950.4138000014,82,true,lisabrown,Fun!23
314,Lisa,Gaines,1645626.9230499999,106,false,lisagaines,Fun!23
220,Lisa,Garrett,1425228.9160250009,113,false,lisagarrett,Fun!23
917,Lisa,Jackson,2700474.35305,88,true,lisajackson,Fun!23
678,Lisa,Miller,1481910.4640000006,93,false,lisamiller,Fun!23
859,Lisa,Peters,2875521.9353000005,98,false,lisapeters,Fun!23
538,Lisa,Robinson,1040147.5776500022,111,false,lisarobinson,Fun!23
418,Lisa,Spencer,2426723.856900002,109,false,lisaspencer,Fun!23
376,Lisa,Stafford,2075114.4492750003,72,false,lisastafford,Fun!23
1022,Lisa,Yu,2207609.9416750027,96,false,lisayu,Fun!23
62,Lizbeth,Jurado,2379929.749225002,99,false,lizbethjurado,Fun!23
111,Logan,Palmer,1499498.717050001,97,true,loganpalmer,Fun!23
48,Lorelyne,Chavez,1879402.910950001,90,true,lorelynechavez,Fun!23
653,Loretta,Phillips,2841153.1293250034,96,false,lorettaphillips,Fun!23
666,Lori,Hall,2765024.8735499973,103,true,lorihall,Fun!23
774,Lori,Johnson,2413376.1220500027,88,false,lorijohnson,Fun!23
999,Lori,Livingston,1827117.7422499997,103,false,lorilivingston,Fun!23
501,Louis,Boone,2560607.2980000027,98,false,louisboone,Fun!23
60,Luis,Jimenez,1514450.4511500013,95,false,luisjimenez,Fun!23
640,Luis,Johnson,1400050.1436250003,99,false,luisjohnson,Fun!23
984,Luis,Solomon,2624535.3139249994,86,false,luissolomon,Fun!23
834,Marcia,Snyder,2064658.705325001,85,true,marciasnyder,Fun!23
519,Margaret,Smith,1794914.8820999998,99,true,margaretsmith,Fun!23
1024,Maria,Kelly,2457304.673,91,true,mariakelly,Fun!23
227,Maria,Mccarthy,1557698.503825001,97,false,mariamccarthy,Fun!23
297,Maria,Mitchell,1781300.980075001,101,false,mariamitchell,Fun!23
818,Maria,Young,1830624.7076250014,101,false,mariayoung,Fun!23
980,Mariah,Black,1828261.4958500008,100,true,mariahblack,Fun!23
67,Mario,Martinez,2451100.965425,101,false,mariomartinez,Fun!23
278,Mario,Walker,1698979.9909249998,86,true,mariowalker,Fun!23
979,Marissa,Henry,1788661.0371250024,89,false,marissahenry,Fun!23
310,Marissa,Oconnell,1814306.6810000003,106,true,marissaoconnell,Fun!23
152,Marissa,Wagner,2764895.400725002,86,true,marissawagner,Fun!23
1020,Mark,Butler,2638577.5640249993,97,true,markbutler,Fun!23
862,Mark,Gonzalez,2540477.278075001,112,false,markgonzalez,Fun!23
425,Mark,Lamb,1060101.5001500002,101,true,marklamb,Fun!23
221,Mark,Lee,1981710.38575,115,false,marklee,Fun!23
203,Mark,Lozano,2442942.3167000012,93,false,marklozano,Fun!23
188,Mark,Ramos,1960816.3211500004,90,true,markramos,Fun!23
272,Mark,Richards,2493804.576225,109,true,markrichards,Fun!23
643,Mark,Rogers,1060444.0979499994,96,true,markrogers,Fun!23
794,Mark,Stewart,2227266.126225,80,true,markstewart,Fun!23
829,Mark,Thompson,1943294.8564250013,111,false,markthompson,Fun!23
883,Mark,Washington,1790423.1627750008,113,false,markwashington,Fun!23
42,MarkAnthony,Avila,2707036.0440499997,91,true,markanthonyavila,Fun!23
554,Martha,Perry,2397868.721675001,94,false,marthaperry,Fun!23
568,Martin,Edwards,2933596.212675002,87,true,martinedwards,Fun!23
965,Mary,Anderson,2080605.2432500038,127,false,maryanderson,Fun!23
511,Mary,Chapman,2293588.788325,95,true,marychapman,Fun!23
279,Mary,Church,1238692.4907750008,97,true,marychurch,Fun!23
291,Mary,Cruz,1482605.6664000012,94,false,marycruz,Fun!23
686,Mary,Gonzalez,1042793.019450001,106,true,marygonzalez,Fun!23
927,Mary,Grant,2483770.6503500016,92,true,marygrant,Fun!23
698,Mary,Lee,2201525.320400001,104,false,marylee,Fun!23
378,Mary,Stevens,2455562.419275,118,true,marystevens,Fun!23
313,Matthew,Campbell,1324429.5931499992,75,false,matthewcampbell,Fun!23
260,Matthew,Erickson,1158625.5179499995,114,false,matthewerickson,Fun!23
645,Matthew,Gonzalez,1372263.7242000024,111,true,matthewgonzalez,Fun!23
57,Matthew,Herrera,2059091.9384750002,92,false,matthewherrera,Fun!23
923,Matthew,Khan,1913679.41955,86,false,matthewkhan,Fun!23
892,Matthew,Mason,2951124.8537249984,99,true,matthewmason,Fun!23
289,Matthew,Perez,2602630.6226500035,100,false,matthewperez,Fun!23
493,Matthew,Porter,1662152.875975001,111,false,matthewporter,Fun!23
125,Megan,Noble,1173415.646100001,91,true,megannoble,Fun!23
755,Megan,Smith,2161032.522525002,84,false,megansmith,Fun!23
808,Megan,Thompson,1760466.2735500007,89,false,meganthompson,Fun!23
157,Melanie,Kirk,1230243.245125001,101,false,melaniekirk,Fun!23
904,Melissa,Evans,2613441.5713999993,99,true,melissaevans,Fun!23
1006,Melissa,Holt,1176389.8120000002,105,false,melissaholt,Fun!23
810,Melissa,Johnson,2548040.2743500005,107,false,melissajohnson,Fun!23
104,Melissa,Mccormick,2581013.151575001,99,true,melissamccormick,Fun!23
651,Melissa,Mcdonald,1098046.7790250017,92,true,melissamcdonald,Fun!23
325,Melissa,Rivera,2020407.3947750013,90,true,melissarivera,Fun!23
633,Mercedes,Nichols,2793042.7762499982,100,true,mercedesnichols,Fun!23
516,Michael,Adams,2129138.766399998,105,true,michaeladams,Fun!23
400,Michael,Castillo,2006671.832025001,92,true,michaelcastillo,Fun!23
852,Michael,Clarke,2483449.671200001,91,true,michaelclarke,Fun!23
736,Michael,Cowan,1111862.478075001,90,false,michaelcowan,Fun!23
763,Michael,Flores,1288374.0500500014,91,false,michaelflores,Fun!23
486,Michael,Fox,2301581.7186749997,97,true,michaelfox,Fun!23
985,Michael,Johnson,2724234.089574999,111,true,michaeljohnson,Fun!23
613,Michael,King,1405676.9384500007,92,true,michaelking,Fun!23
539,Michael,Martinez,2594834.3606000007,83,true,michaelmartinez,Fun!23
737,Michael,Mccormick,2594785.811025,96,false,michaelmccormick,Fun!23
158,Michael,Moran,1566518.1145000004,90,false,michaelmoran,Fun!23
520,Michael,Morton,2445261.833175002,95,false,michaelmorton,Fun!23
441,Michael,Murray,2007839.7914750003,116,false,michaelmurray,Fun!23
732,Michael,Nunez,1313014.8090750005,93,false,michaelnunez,Fun!23
673,Michael,Parrish,1371414.2572000008,96,true,michaelparrish,Fun!23
830,Michael,Prince,949099.2780000002,107,false,michaelprince,Fun!23
492,Michael,Robinson,2764658.9616000024,107,false,michaelrobinson,Fun!23
106,Michael,Sanchez,1870194.4898250012,97,false,michaelsanchez,Fun!23
180,Michael,Smith,2127664.03435,105,true,michaelsmith,Fun!23
776,Michael,Thomas,1669149.83995,92,false,michaelthomas,Fun!23
184,Michael,White,1888818.8723000013,104,false,michaelwhite,Fun!23
276,Michael,Williams,1696409.6876,120,true,michaelwilliams,Fun!23
832,Michael,Williamson,2355034.284874999,95,false,michaelwilliamson,Fun!23
507,Michaela,Miranda,1757504.8383000013,111,true,michaelamiranda,Fun!23
797,Micheal,Sanders,2781187.0599,115,true,michealsanders,Fun!23
386,Michele,Cummings,1471224.920575001,83,true,michelecummings,Fun!23
113,Michele,Stevens,2161539.984924997,130,false,michelestevens,Fun!23
803,Michelle,Griffin,1108028.1471750007,89,true,michellegriffin,Fun!23
127,Michelle,Holland,1733905.6678499996,101,false,michelleholland,Fun!23
268,Michelle,Jones,2146248.682400001,85,true,michellejones,Fun!23
191,Michelle,Maldonado,1262809.5447000011,106,false,michellemaldonado,Fun!23
804,Michelle,Maynard,2576900.8935250007,76,false,michellemaynard,Fun!23
801,Michelle,Oliver,2232371.662549998,97,true,michelleoliver,Fun!23
323,Michelle,Ortiz,1477338.5146500005,85,true,michelleortiz,Fun!23
534,Michelle,Pruitt,1143404.3326250007,96,true,michellepruitt,Fun!23
590,Michelle,Ramirez,1708132.1070000005,104,false,michelleramirez,Fun!23
770,Michelle,Ray,2641118.9488750026,112,false,michelleray,Fun!23
780,Michelle,Rivera,2190420.0981250023,97,true,michellerivera,Fun!23
453,Michelle,Sexton,2447465.57715,98,true,michellesexton,Fun!23
623,Michelle,Walsh,1989292.6319000009,89,false,michellewalsh,Fun!23
480,Michelle,Wood,2819235.108625002,101,false,michellewood,Fun!23
1,Mickey,Mouse,1499930.5064250007,101,false,mickeymouse,Fun!23
79,Miguel,Sepulveda,2857132.421250001,84,true,miguelsepulveda,Fun!23
1011,Mikayla,Dennis,2793388.360574999,108,true,mikayladennis,Fun!23
872,Mindy,Ross,2313924.205250002,88,false,mindyross,Fun!23
3,Minnie,Mouse,1465480.1189000013,119,false,minniemouse,Fun!23
710,Miranda,Mason,1875490.6420250013,102,true,mirandamason,Fun!23
959,Miranda,Walker,1163091.599075001,87,true,mirandawalker,Fun!23
73,Miriam,Ramirez,1520369.7255250006,105,true,miriamramirez,Fun!23
366,Misty,Horton,2084874.5172000004,82,true,mistyhorton,Fun!23
569,Misty,Jimenez,2694078.361825001,97,false,mistyjimenez,Fun!23
951,Mitchell,Gross,2876715.9593749996,96,true,mitchellgross,Fun!23
204,Molly,Cohen,1071129.1055250012,93,false,mollycohen,Fun!23
746,Monica,Craig,2007522.669550001,113,true,monicacraig,Fun!23
126,Monica,Davenport,2288245.9294749997,94,true,monicadavenport,Fun!23
983,Monica,Sullivan,1812162.2460500007,82,false,monicasullivan,Fun!23
13,Mufassa,Disney,1539750.3895250007,101,false,mufassadisney,Fun!23
34,Mulan,Disney,1407662.0357500007,102,true,mulandisney,Fun!23
148,Nancy,Morgan,2899831.631175003,107,false,nancymorgan,Fun!23
527,Nancy,Robles,2756883.197450001,105,false,nancyrobles,Fun!23
621,Natalie,Richardson,1854132.9844499994,99,true,natalierichardson,Fun!23
78,Natasha,Rovelli,1482941.9165500004,86,true,natasharovelli,Fun!23
369,Natasha,Wheeler,1438485.8767249999,95,true,natashawheeler,Fun!23
181,Nathan,Coleman,1299255.333900001,95,false,nathancoleman,Fun!23
726,Nathan,Thompson,1428652.660650002,107,true,nathanthompson,Fun!23
194,Nicholas,Anderson,2388773.9382249983,89,false,nicholasanderson,Fun!23
642,Nicholas,Copeland,1769524.8128000007,94,false,nicholascopeland,Fun!23
669,Nicholas,Jackson,2277644.7023250004,105,false,nicholasjackson,Fun!23
853,Nicholas,Smith,1325212.8597500008,97,false,nicholassmith,Fun!23
750,Nicole,Hart,1538045.3639250004,107,true,nicolehart,Fun!23
288,Nicole,Harvey,1859853.960075001,100,false,nicoleharvey,Fun!23
416,Nicole,Johnson,2158430.911574999,88,true,nicolejohnson,Fun!23
851,Nicole,Lloyd,2564964.9625999997,96,true,nicolelloyd,Fun!23
196,Nicole,Rowland,2449200.5582500026,101,false,nicolerowland,Fun!23
521,Noah,Horne,2899149.9989000014,98,false,noahhorne,Fun!23
390,Norman,Freeman,2819384.9683999987,108,true,normanfreeman,Fun!23
893,Olivia,Richardson,2120013.5766000007,100,true,oliviarichardson,Fun!23
193,Olivia,Romero,2488249.695175,110,false,oliviaromero,Fun!23
69,Oscar,Ortiz,1841391.9222750012,100,true,oscarortiz,Fun!23
123,Pamela,Carter,2087462.2718249995,102,false,pamelacarter,Fun!23
344,Patricia,Glenn,2929274.95875,93,true,patriciaglenn,Fun!23
1014,Patricia,Hughes,1109370.9322250008,76,true,patriciahughes,Fun!23
785,Patricia,Mcdonald,2919451.1228250004,102,false,patriciamcdonald,Fun!23
784,Patrick,Bennett,1360805.4458000015,96,true,patrickbennett,Fun!23
100,Patrick,Henderson,2469688.736750001,93,false,patrickhenderson,Fun!23
437,Patrick,Larsen,2690681.0559000014,88,true,patricklarsen,Fun!23
231,Paul,Fisher,2286962.4815499997,118,true,paulfisher,Fun!23
860,Paul,Harmon,2083757.0986000006,89,true,paulharmon,Fun!23
942,Paul,Herman,1853113.7263000007,87,true,paulherman,Fun!23
991,Paul,Salas,1283895.420325001,106,true,paulsalas,Fun!23
129,Paula,Wyatt,1548725.4672499998,102,false,paulawyatt,Fun!23
39,PaulieJo,Gonzalez,1248506.7656500004,101,false,pauliejogonzalez,Fun!23
364,Peggy,Murphy,2724928.59415,88,false,peggymurphy,Fun!23
901,Penny,Mcdaniel,2033224.1424250014,104,false,pennymcdaniel,Fun!23
697,Perry,Hill,1415852.0165000013,98,true,perryhill,Fun!23
15,Peter,Pan,1685858.0193,90,true,peterpan,Fun!23
457,Philip,Chaney,1391324.6705000007,97,true,philipchaney,Fun!23
414,Philip,Collins,1567737.479400001,74,true,philipcollins,Fun!23
848,Philip,Holt,1033603.2418750001,115,true,philipholt,Fun!23
156,Philip,Zamora,2540812.7635750016,89,false,philipzamora,Fun!23
582,Phillip,Brown,1162385.357875001,94,true,phillipbrown,Fun!23
718,Phillip,Meyer,2647701.678799999,109,true,phillipmeyer,Fun!23
934,Phillip,Richardson,2508885.0117500024,97,false,philliprichardson,Fun!23
30,Pinocchio,Disney,1154966.6230000004,101,false,pinocchiodisney,Fun!23
5,Pluto,Disney,2573466.248074998,97,true,plutodisney,Fun!23
31,Prince,Eric,2459220.090050001,89,false,princeeric,Fun!23
32,Quasimodo,Disney,1423728.0107000016,107,false,quasimododisney,Fun!23
765,Rachel,Hart,1833729.6151000021,96,true,rachelhart,Fun!23
317,Rachel,Phillips,1768904.5022000007,88,false,rachelphillips,Fun!23
411,Rachel,Roberson,2848837.0697000003,93,true,rachelroberson,Fun!23
146,Rachel,Vasquez,1258280.7225000013,83,false,rachelvasquez,Fun!23
423,Randy,Keller,2779802.594575003,93,false,randykeller,Fun!23
452,Ray,Booth,2305586.3626250005,77,true,raybooth,Fun!23
409,Ray,Huynh,1263607.2089500008,84,false,rayhuynh,Fun!23
434,Raymond,Woodward,1185918.236450001,103,true,raymondwoodward,Fun!23
435,Rebecca,Brown,1880833.6979250005,102,true,rebeccabrown,Fun!23
749,Rebecca,Fisher,1734727.1019500005,89,false,rebeccafisher,Fun!23
683,Rebecca,Nguyen,2166244.447624999,76,true,rebeccanguyen,Fun!23
112,Renee,Bradley,1492359.572350002,104,true,reneebradley,Fun!23
178,Renee,Zimmerman,2473212.4852250004,93,true,reneezimmerman,Fun!23
372,Rhonda,Kane,2514440.6832500002,108,true,rhondakane,Fun!23
406,Ricardo,Rodriguez,1028097.7162749998,96,true,ricardorodriguez,Fun!23
154,Richard,Blackwell,2878788.1808500006,100,true,richardblackwell,Fun!23
179,Richard,Brown,1584120.068025,113,false,richardbrown,Fun!23
540,Richard,Edwards,1548600.989425001,83,true,richardedwards,Fun!23
782,Richard,Paul,2866354.718699999,87,true,richardpaul,Fun!23
766,Richard,Sullivan,2725237.774949996,89,true,richardsullivan,Fun!23
144,Richard,Torres,2745874.5728249988,88,true,richardtorres,Fun!23
149,Richard,Vargas,2200587.034425001,103,false,richardvargas,Fun!23
609,Rick,Parrish,1474870.43645,83,true,rickparrish,Fun!23
564,Ricky,Gardner,2768457.9875499997,91,true,rickygardner,Fun!23
340,Ricky,Thompson,2919787.764525,96,false,rickythompson,Fun!23
432,Rita,Owens,2891262.0845500017,92,false,ritaowens,Fun!23
274,Robert,Davis,1131139.135475001,121,true,robertdavis,Fun!23
956,Robert,Flores,2052808.54585,108,true,robertflores,Fun!23
993,Robert,Kennedy,2527269.5152500006,106,false,robertkennedy,Fun!23
571,Robert,Leblanc,2407781.285200001,92,true,robertleblanc,Fun!23
92,Robert,Lyons,2938054.1791250007,83,false,robertlyons,Fun!23
224,Robert,Park,2207495.122775,92,true,robertpark,Fun!23
103,Robert,Preston,2854194.9901250005,99,true,robertpreston,Fun!23
949,Robert,Wang,2346729.2096000025,95,false,robertwang,Fun!23
358,Robert,Wilson,2076076.959100001,102,false,robertwilson,Fun!23
257,Robert,Wu,1482411.1484,111,false,robertwu,Fun!23
226,Roberto,Gutierrez,1865516.1323499996,95,true,robertogutierrez,Fun!23
525,Robin,Watson,2750769.6318500014,116,true,robinwatson,Fun!23
846,Robin,Wilson,1936793.359050001,124,false,robinwilson,Fun!23
556,Rodney,Berg,2579915.169675,79,true,rodneyberg,Fun!23
742,Rodney,Mcneil,2142002.679349999,90,false,rodneymcneil,Fun!23
905,Rodney,Moss,2242587.261100001,89,true,rodneymoss,Fun!23
963,Roger,Casey,1446606.1447750006,95,true,rogercasey,Fun!23
626,Ronald,Bond,2429730.887350001,88,true,ronaldbond,Fun!23
339,Ronald,Kent,2790096.723649999,85,true,ronaldkent,Fun!23
947,Ronald,Martinez,1440236.7783500003,91,true,ronaldmartinez,Fun!23
136,Ronald,Parker,2348495.8872249993,95,true,ronaldparker,Fun!23
646,Rose,Burgess,1188174.9502250012,90,false,roseburgess,Fun!23
401,Ruben,Edwards,1048606.704575,105,false,rubenedwards,Fun!23
43,Ruth,AvilaRodriguez,2714216.731350001,108,true,ruthavilarodriguez,Fun!23
926,Ruth,Ponce,1437414.8418250012,72,false,ruthponce,Fun!23
547,Ryan,Bowman,2385282.597449998,85,true,ryanbowman,Fun!23
529,Ryan,Brown,1425062.3249500005,91,true,ryanbrown,Fun!23
299,Ryan,Mcconnell,2023022.8197750014,91,true,ryanmcconnell,Fun!23
1000,Ryan,Peterson,1610961.4796750005,105,true,ryanpeterson,Fun!23
89,Ryan,Rush,1093386.7232000015,119,true,ryanrush,Fun!23
549,Ryan,Sullivan,2631154.1333250017,97,true,ryansullivan,Fun!23
955,Ryan,Washington,2567437.338350001,105,true,ryanwashington,Fun!23
445,Ryan,Wilkins,2806076.0726750037,106,false,ryanwilkins,Fun!23
778,Sabrina,Nguyen,2515575.5935999993,87,true,sabrinanguyen,Fun!23
76,Salvador,RoblesHerrera,2620735.388874998,112,true,salvadorroblesherrera,Fun!23
484,Samantha,Cooper,1064072.719150001,91,false,samanthacooper,Fun!23
197,Samantha,Howell,2222677.605025002,111,false,samanthahowell,Fun!23
234,Samantha,May,2440667.073324998,97,true,samanthamay,Fun!23
436,Samantha,Thomas,1161171.5673250011,113,false,samanthathomas,Fun!23
977,Samuel,Burton,2723899.0634500016,99,false,samuelburton,Fun!23
174,Samuel,Harrington,2864675.365075,87,true,samuelharrington,Fun!23
839,Sandra,Newton,1641568.1533000004,86,false,sandranewton,Fun!23
173,Sandra,Rogers,2410390.2056000005,83,true,sandrarogers,Fun!23
867,Sandra,Sutton,1113779.4313750018,109,true,sandrasutton,Fun!23
747,Sandy,Blackwell,2145683.1746999994,102,true,sandyblackwell,Fun!23
761,Sara,Fox,1109142.867575002,92,true,sarafox,Fun!23
981,Sara,West,2144992.2818000014,86,false,sarawest,Fun!23
597,Sarah,Anderson,2394373.356225002,92,false,sarahanderson,Fun!23
606,Sarah,Cline,1513044.1867750015,84,false,sarahcline,Fun!23
682,Sarah,Griffin,2486003.5615500007,95,true,sarahgriffin,Fun!23
668,Sarah,Jones,2392194.820750002,90,false,sarahjones,Fun!23
350,Sarah,Mosley,1121883.3313499996,95,false,sarahmosley,Fun!23
833,Sarah,Stanton,2244437.560300002,84,false,sarahstanton,Fun!23
928,Sarah,Taylor,1194757.165425001,102,false,sarahtaylor,Fun!23
23,Scar,Lion,2297385.5559000014,105,false,scarlion,Fun!23
635,Scott,Bailey,2860894.1336000003,96,false,scottbailey,Fun!23
663,Scott,Dunn,1938094.927825001,101,true,scottdunn,Fun!23
398,Scott,Rose,1070993.5951250007,107,false,scottrose,Fun!23
722,Sean,Hernandez,2680279.822925,99,true,seanhernandez,Fun!23
405,Sean,Hull,1539129.4669250008,103,true,seanhull,Fun!23
95,Sean,Klein,1028351.5996000009,96,true,seanklein,Fun!23
141,Sean,Medina,2113212.9788250006,100,false,seanmedina,Fun!23
118,Sean,Roberts,1583008.85025,103,false,seanroberts,Fun!23
772,Sean,Smith,1850374.423475002,106,false,seansmith,Fun!23
81,Seth,Sias,2653410.7486750027,103,false,sethsias,Fun!23
379,Shane,Arnold,1761991.0443250008,74,true,shanearnold,Fun!23
130,Shane,Miller,2536473.7480999995,98,false,shanemiller,Fun!23
229,Shannon,Avery,1666126.0911250014,98,true,shannonavery,Fun!23
273,Shannon,Bennett,2248011.2674250035,88,false,shannonbennett,Fun!23
177,Shannon,Holden,1845396.6612000007,92,false,shannonholden,Fun!23
601,Shannon,White,1524255.8155500002,95,false,shannonwhite,Fun!23
941,Sharon,Castillo,1422219.7528500017,98,true,sharoncastillo,Fun!23
935,Sharon,Gillespie,1508374.7622000007,94,false,sharongillespie,Fun!23
200,Sharon,Miller,2312783.178175,109,true,sharonmiller,Fun!23
812,Shawn,Lee,1531649.5232499996,85,true,shawnlee,Fun!23
995,Shawn,Santos,1225853.3154500008,107,true,shawnsantos,Fun!23
211,Sheila,Lewis,2071371.6909000012,97,false,sheilalewis,Fun!23
1035,Shelly,Jones,1567258.6268500013,101,true,shellyjones,Fun!23
26,Shere,Khan,1284707.0935750008,88,false,sherekhan,Fun!23
584,Sheri,Adams,1216190.1021500018,96,false,sheriadams,Fun!23
627,Sherri,Armstrong,2272866.0722499997,115,true,sherriarmstrong,Fun!23
535,Sherri,Velasquez,2308438.6504749996,109,true,sherrivelasquez,Fun!23
864,Sherry,Mora,1452901.443025,95,false,sherrymora,Fun!23
208,Shirley,Foster,1644155.2522,103,false,shirleyfoster,Fun!23
12,Simba,Disney,1382688.1988000018,97,false,simbadisney,Fun!23
24,Simba,King,1354352.8508250015,105,false,simbaking,Fun!23
873,Sonia,Durham,1445264.4464500023,86,false,soniadurham,Fun!23
328,Stacey,Paul,2158299.0344750006,84,true,staceypaul,Fun!23
986,Stacy,Maldonado,1624939.1063750011,113,true,stacymaldonado,Fun!23
153,Stephanie,Harris,2701689.0792250005,112,false,stephanieharris,Fun!23
656,Stephanie,Kirby,1216495.7333750008,84,false,stephaniekirby,Fun!23
96,Stephanie,Mcdonald,2341608.152499999,99,true,stephaniemcdonald,Fun!23
798,Stephanie,Obrien,966402.5693999998,105,false,stephanieobrien,Fun!23
976,Stephanie,Perry,1992683.6175250008,102,false,stephanieperry,Fun!23
887,Stephanie,Williams,1919641.6659250006,75,true,stephaniewilliams,Fun!23
121,Stephen,Ellis,2479860.9726750003,100,false,stephenellis,Fun!23
1027,Stephen,Peters,2775800.3454250013,85,true,stephenpeters,Fun!23
298,Stephen,Villegas,1877964.327275001,78,true,stephenvillegas,Fun!23
440,Steven,Cabrera,2204781.715850001,85,false,stevencabrera,Fun!23
660,Steven,Hartman,1831536.2241250018,107,false,stevenhartman,Fun!23
510,Steven,Hernandez,1966631.2700250011,105,false,stevenhernandez,Fun!23
918,Steven,Miller,2343898.9092500005,86,false,stevenmiller,Fun!23
487,Steven,Owens,1443645.918524999,84,true,stevenowens,Fun!23
36,Stitch,Disney,1341059.8030250017,91,false,stitchdisney,Fun!23
270,Susan,Allen,2196746.977925,96,true,susanallen,Fun!23
213,Susan,Alvarez,2639220.406875001,120,true,susanalvarez,Fun!23
294,Susan,Davis,2190709.2708250023,89,false,susandavis,Fun!23
277,Susan,Garcia,2281901.2823249963,103,true,susangarcia,Fun!23
160,Susan,Hill,1921472.7248250016,91,false,susanhill,Fun!23
256,Susan,Humphrey,1775579.0510500006,77,false,susanhumphrey,Fun!23
71,Susana,PerezJuarez,1422947.539725002,121,true,susanaperezjuarez,Fun!23
944,Suzanne,Kennedy,2274339.6705499995,90,true,suzannekennedy,Fun!23
293,Tami,Alexander,1830551.3107250014,99,true,tamialexander,Fun!23
508,Tami,Weaver,1801270.667475,108,true,tamiweaver,Fun!23
286,Tammy,Martinez,2461858.468350001,92,false,tammymartinez,Fun!23
1004,Tammy,Thomas,1018189.599000001,101,true,tammythomas,Fun!23
970,Tammy,Waters,2547748.5238750004,92,true,tammywaters,Fun!23
271,Tanya,Davis,1066166.1701500013,92,false,tanyadavis,Fun!23
807,Tanya,Johnson,1264749.575675001,101,false,tanyajohnson,Fun!23
393,Tanya,Kent,2809372.126375,97,false,tanyakent,Fun!23
822,Tanya,Turner,1624750.5611250016,98,false,tanyaturner,Fun!23
450,Tara,Rodriguez,2740593.8979000016,99,true,tararodriguez,Fun!23
1033,Taylor,Johnson,1713899.6435500004,94,false,taylorjohnson,Fun!23
657,Teresa,Gardner,2734276.8788000015,93,false,teresagardner,Fun!23
380,Teresa,Jacobs,1485617.7010249996,94,true,teresajacobs,Fun!23
711,Teresa,Stewart,1084275.7751750005,86,true,teresastewart,Fun!23
788,Teresa,Taylor,1259438.2199500008,115,true,teresataylor,Fun!23
972,Terrence,Dixon,2574956.9608250004,83,true,terrencedixon,Fun!23
410,Terri,Mendez,1577307.222325001,103,true,terrimendez,Fun!23
475,Terri,Strickland,1414047.7373750012,102,false,terristrickland,Fun!23
579,Theresa,Clark,2562832.7729750033,93,false,theresaclark,Fun!23
468,Theresa,Hardy,1154758.594775001,77,false,theresahardy,Fun!23
300,Theresa,Macias,2482122.6620000005,102,true,theresamacias,Fun!23
107,Theresa,Obrien,1529515.1087750006,105,true,theresaobrien,Fun!23
477,Thomas,Bonilla,1772871.7253750009,87,true,thomasbonilla,Fun!23
138,Thomas,Clark,2355821.615900001,93,true,thomasclark,Fun!23
382,Thomas,Elliott,1121023.2101000014,105,false,thomaselliott,Fun!23
708,Thomas,Hall,2581273.08315,92,true,thomashall,Fun!23
168,Thomas,King,2655839.7776750023,99,false,thomasking,Fun!23
706,Thomas,Sanders,1038478.3088,89,true,thomassanders,Fun!23
1018,Thomas,Stevenson,2300748.026050002,112,false,thomasstevenson,Fun!23
523,Tiffany,Davis,1191623.219275001,100,true,tiffanydavis,Fun!23
759,Tiffany,Jones,2877331.462599999,87,true,tiffanyjones,Fun!23
426,Tiffany,May,1708101.4274000004,90,true,tiffanymay,Fun!23
693,Timothy,Bernard,2484366.673000001,75,false,timothybernard,Fun!23
989,Timothy,Greene,1842858.5651000002,98,true,timothygreene,Fun!23
790,Timothy,Johnson,2197604.9048000034,90,false,timothyjohnson,Fun!23
713,Timothy,Jones,2202825.1749500013,95,false,timothyjones,Fun!23
217,Timothy,Romero,2484103.2394000045,86,false,timothyromero,Fun!23
1025,Timothy,Wagner,1352518.4456500004,103,true,timothywagner,Fun!23
143,Todd,Brooks,1011181.38585,86,false,toddbrooks,Fun!23
90,Tom,Perez,1362930.9975500004,101,true,tomperez,Fun!23
1019,Tonya,Elliott,1315557.5175000003,98,false,tonyaelliott,Fun!23
786,Tracy,Fitzgerald,1066812.033150001,107,false,tracyfitzgerald,Fun!23
692,Travis,Burton,2190616.804600001,95,false,travisburton,Fun!23
110,Travis,Mcdonald,1484417.041650001,91,false,travismcdonald,Fun!23
377,Travis,Ruiz,1676609.4350500011,93,false,travisruiz,Fun!23
456,Trevor,Young,2545702.6222250015,99,false,trevoryoung,Fun!23
618,Tyler,Baxter,1040091.4380500023,105,true,tylerbaxter,Fun!23
930,Tyler,Evans,1014069.8298749997,102,true,tylerevans,Fun!23
881,Tyrone,Alvarado,2869091.47765,93,false,tyronealvarado,Fun!23
679,Tyrone,Johnston,2587779.6453499985,92,true,tyronejohnston,Fun!23
19,Ursela,Mermaid,2934568.280325003,100,false,urselamermaid,Fun!23
50,Valeria,Duron,1886986.9210000006,94,false,valeriaduron,Fun!23
348,Valerie,Moore,2615589.8176499996,93,false,valeriemoore,Fun!23
1029,Vanessa,Carson,2584936.959025002,104,true,vanessacarson,Fun!23
614,Vanessa,Watson,2290917.5649750005,105,true,vanessawatson,Fun!23
840,Victor,Anderson,1976556.6295999992,105,false,victoranderson,Fun!23
46,Victor,Cabral,2365530.6395500023,102,false,victorcabral,Fun!23
717,Victor,Harris,1931490.5887000007,96,false,victorharris,Fun!23
58,Victor,HerreraVidales,2200921.181274999,86,true,victorherreravidales,Fun!23
603,Victor,Ross,2318668.3920000033,72,false,victorross,Fun!23
908,Victoria,Ellis,1954700.722675,89,false,victoriaellis,Fun!23
151,Victoria,Martin,2922198.5656749983,96,true,victoriamartin,Fun!23
524,Victoria,Moses,2883330.159899999,100,false,victoriamoses,Fun!23
837,Victoria,White,2626983.4694999987,113,true,victoriawhite,Fun!23
961,Vincent,Harrison,1255095.010325,96,false,vincentharrison,Fun!23
215,Virginia,Phelps,2384569.295275002,95,false,virginiaphelps,Fun!23
514,Wendy,Campos,2464612.257699999,93,true,wendycampos,Fun!23
869,Wendy,Montoya,1258073.9952000007,102,false,wendymontoya,Fun!23
1030,Wendy,Phillips,1544518.1544250003,101,false,wendyphillips,Fun!23
467,Wendy,Stanton,2731713.2683749995,97,true,wendystanton,Fun!23
478,Wesley,Lambert,1400915.1585000006,86,true,wesleylambert,Fun!23
702,Wesley,Williamson,2596448.7968000006,118,true,wesleywilliamson,Fun!23
727,William,Adkins,2686446.8841500003,104,false,williamadkins,Fun!23
552,William,Evans,1778891.485225001,92,false,williamevans,Fun!23
266,William,Hunter,1714662.6471500008,104,true,williamhunter,Fun!23
675,William,Ortiz,1491372.6361500004,82,false,williamortiz,Fun!23
764,William,Rice,2379544.2442250014,85,false,williamrice,Fun!23
355,William,Wolf,2855745.252375,98,false,williamwolf,Fun!23
728,Willie,Hobbs,1081336.668725001,121,true,williehobbs,Fun!23
16,Woody,Disney,1802124.5366500006,98,false,woodydisney,Fun!23
70,Ximena,Parada,2305273.3408500003,100,true,ximenaparada,Fun!23
988,Zachary,Campbell,1625843.1535500004,99,true,zacharycampbell,Fun!23
205,Zachary,Ellison,1684398.0776250006,89,true,zacharyellison,Fun!23
412,Zachary,Tran,2806455.0961749987,93,true,zacharytran,Fun!23
